Date,Sales,actual_vs_predicted
2013-01-01,97235.0,actual
2013-01-02,6949829.0,actual
2013-01-03,6347820.0,actual
2013-01-04,6638954.0,actual
2013-01-05,5951593.0,actual
2013-01-06,143904.0,actual
2013-01-07,10826848.0,actual
2013-01-08,8749437.0,actual
2013-01-09,7746603.0,actual
2013-01-10,7751485.0,actual
2013-01-11,8039306.0,actual
2013-01-12,6017491.0,actual
2013-01-13,144052.0,actual
2013-01-14,5886788.0,actual
2013-01-15,5512591.0,actual
2013-01-16,5293020.0,actual
2013-01-17,5386564.0,actual
2013-01-18,6137010.0,actual
2013-01-19,6010192.0,actual
2013-01-20,151600.0,actual
2013-01-21,8761074.0,actual
2013-01-22,8320289.0,actual
2013-01-23,7746563.0,actual
2013-01-24,7439836.0,actual
2013-01-25,7780789.0,actual
2013-01-26,5848770.0,actual
2013-01-27,142848.0,actual
2013-01-28,5878702.0,actual
2013-01-29,5452668.0,actual
2013-01-30,5909779.0,actual
2013-01-31,7068567.0,actual
2013-02-01,7203007.0,actual
2013-02-02,6781741.0,actual
2013-02-03,171565.0,actual
2013-02-04,10333651.0,actual
2013-02-05,8841604.0,actual
2013-02-06,8094803.0,actual
2013-02-07,7430076.0,actual
2013-02-08,7968566.0,actual
2013-02-09,6161019.0,actual
2013-02-10,172564.0,actual
2013-02-11,5517060.0,actual
2013-02-12,5563503.0,actual
2013-02-13,6175147.0,actual
2013-02-14,6422292.0,actual
2013-02-15,6255053.0,actual
2013-02-16,6162142.0,actual
2013-02-17,174467.0,actual
2013-02-18,10703641.0,actual
2013-02-19,7988672.0,actual
2013-02-20,7759768.0,actual
2013-02-21,7611880.0,actual
2013-02-22,7840974.0,actual
2013-02-23,5637945.0,actual
2013-02-24,159057.0,actual
2013-02-25,5615365.0,actual
2013-02-26,5671238.0,actual
2013-02-27,6008503.0,actual
2013-02-28,7108972.0,actual
2013-03-01,7244231.0,actual
2013-03-02,6779350.0,actual
2013-03-03,195229.0,actual
2013-03-04,11072682.0,actual
2013-03-05,8943536.0,actual
2013-03-06,8062941.0,actual
2013-03-07,7981811.0,actual
2013-03-08,8118153.0,actual
2013-03-09,6061383.0,actual
2013-03-10,164917.0,actual
2013-03-11,6194538.0,actual
2013-03-12,5338418.0,actual
2013-03-13,5830737.0,actual
2013-03-14,6098093.0,actual
2013-03-15,6783348.0,actual
2013-03-16,6459058.0,actual
2013-03-17,193072.0,actual
2013-03-18,10078195.0,actual
2013-03-19,8528292.0,actual
2013-03-20,7728892.0,actual
2013-03-21,7897067.0,actual
2013-03-22,8245992.0,actual
2013-03-23,6337911.0,actual
2013-03-24,191036.0,actual
2013-03-25,10482556.0,actual
2013-03-26,9305505.0,actual
2013-03-27,9674698.0,actual
2013-03-28,11417987.0,actual
2013-03-29,213921.0,actual
2013-03-30,9380402.0,actual
2013-03-31,176418.0,actual
2013-04-01,241076.0,actual
2013-04-02,7362049.0,actual
2013-04-03,6406442.0,actual
2013-04-04,6496112.0,actual
2013-04-05,6622062.0,actual
2013-04-06,6171054.0,actual
2013-04-07,189097.0,actual
2013-04-08,10115602.0,actual
2013-04-09,8418477.0,actual
2013-04-10,7698779.0,actual
2013-04-11,7580421.0,actual
2013-04-12,8056347.0,actual
2013-04-13,6024315.0,actual
2013-04-14,182641.0,actual
2013-04-15,5711125.0,actual
2013-04-16,5668517.0,actual
2013-04-17,5556697.0,actual
2013-04-18,5726233.0,actual
2013-04-19,6349901.0,actual
2013-04-20,6006147.0,actual
2013-04-21,188406.0,actual
2013-04-22,9542000.0,actual
2013-04-23,8047511.0,actual
2013-04-24,7177730.0,actual
2013-04-25,7121467.0,actual
2013-04-26,7652433.0,actual
2013-04-27,6308284.0,actual
2013-04-28,205232.0,actual
2013-04-29,10040182.0,actual
2013-04-30,10565093.0,actual
2013-05-01,200972.0,actual
2013-05-02,9884371.0,actual
2013-05-03,8967338.0,actual
2013-05-04,6487719.0,actual
2013-05-05,200337.0,actual
2013-05-06,6884920.0,actual
2013-05-07,6697752.0,actual
2013-05-08,7693180.0,actual
2013-05-09,233215.0,actual
2013-05-10,8481406.0,actual
2013-05-11,6658662.0,actual
2013-05-12,215592.0,actual
2013-05-13,9826496.0,actual
2013-05-14,8662237.0,actual
2013-05-15,7767784.0,actual
2013-05-16,7884887.0,actual
2013-05-17,8225841.0,actual
2013-05-18,6410461.0,actual
2013-05-19,226808.0,actual
2013-05-20,253936.0,actual
2013-05-21,7204456.0,actual
2013-05-22,6085235.0,actual
2013-05-23,6209485.0,actual
2013-05-24,6483138.0,actual
2013-05-25,5806559.0,actual
2013-05-26,201681.0,actual
2013-05-27,9944524.0,actual
2013-05-28,8390312.0,actual
2013-05-29,8885059.0,actual
2013-05-30,3422824.0,actual
2013-05-31,10913876.0,actual
2013-06-01,6907750.0,actual
2013-06-02,238144.0,actual
2013-06-03,10144989.0,actual
2013-06-04,8526834.0,actual
2013-06-05,7683188.0,actual
2013-06-06,7646668.0,actual
2013-06-07,7967656.0,actual
2013-06-08,5993792.0,actual
2013-06-09,226250.0,actual
2013-06-10,6667460.0,actual
2013-06-11,6201425.0,actual
2013-06-12,5961024.0,actual
2013-06-13,6044207.0,actual
2013-06-14,6887448.0,actual
2013-06-15,6144832.0,actual
2013-06-16,225065.0,actual
2013-06-17,10191372.0,actual
2013-06-18,8100286.0,actual
2013-06-19,7243757.0,actual
2013-06-20,7353311.0,actual
2013-06-21,8406280.0,actual
2013-06-22,6189413.0,actual
2013-06-23,224608.0,actual
2013-06-24,6511212.0,actual
2013-06-25,5827831.0,actual
2013-06-26,6028195.0,actual
2013-06-27,6372971.0,actual
2013-06-28,7625077.0,actual
2013-06-29,6909121.0,actual
2013-06-30,252185.0,actual
2013-07-01,10750990.0,actual
2013-07-02,8936605.0,actual
2013-07-03,8416942.0,actual
2013-07-04,8458325.0,actual
2013-07-05,8384512.0,actual
2013-07-06,5927036.0,actual
2013-07-07,234369.0,actual
2013-07-08,6652999.0,actual
2013-07-09,6157174.0,actual
2013-07-10,6248496.0,actual
2013-07-11,6483182.0,actual
2013-07-12,6699439.0,actual
2013-07-13,5987351.0,actual
2013-07-14,253582.0,actual
2013-07-15,11484803.0,actual
2013-07-16,9157994.0,actual
2013-07-17,8269168.0,actual
2013-07-18,8092686.0,actual
2013-07-19,8376476.0,actual
2013-07-20,5941848.0,actual
2013-07-21,235211.0,actual
2013-07-22,6285621.0,actual
2013-07-23,5767497.0,actual
2013-07-24,5966755.0,actual
2013-07-25,6065761.0,actual
2013-07-26,6270667.0,actual
2013-07-27,5448670.0,actual
2013-07-28,232442.0,actual
2013-07-29,11299276.0,actual
2013-07-30,10064515.0,actual
2013-07-31,10293490.0,actual
2013-08-01,8783485.0,actual
2013-08-02,8085626.0,actual
2013-08-03,6320830.0,actual
2013-08-04,252848.0,actual
2013-08-05,7169893.0,actual
2013-08-06,6366382.0,actual
2013-08-07,6414477.0,actual
2013-08-08,6430437.0,actual
2013-08-09,6589299.0,actual
2013-08-10,5881545.0,actual
2013-08-11,243358.0,actual
2013-08-12,11137198.0,actual
2013-08-13,9179490.0,actual
2013-08-14,8509505.0,actual
2013-08-15,7029537.0,actual
2013-08-16,8137427.0,actual
2013-08-17,5584570.0,actual
2013-08-18,241793.0,actual
2013-08-19,6391105.0,actual
2013-08-20,5989832.0,actual
2013-08-21,5696932.0,actual
2013-08-22,5759988.0,actual
2013-08-23,6035936.0,actual
2013-08-24,5397910.0,actual
2013-08-25,225182.0,actual
2013-08-26,10302422.0,actual
2013-08-27,8397061.0,actual
2013-08-28,7838558.0,actual
2013-08-29,7970501.0,actual
2013-08-30,9221577.0,actual
2013-08-31,6458023.0,actual
2013-09-01,250990.0,actual
2013-09-02,6834913.0,actual
2013-09-03,6322579.0,actual
2013-09-04,5985810.0,actual
2013-09-05,5843845.0,actual
2013-09-06,6121373.0,actual
2013-09-07,5795003.0,actual
2013-09-08,225500.0,actual
2013-09-09,11058017.0,actual
2013-09-10,8946722.0,actual
2013-09-11,8285894.0,actual
2013-09-12,8096007.0,actual
2013-09-13,8371696.0,actual
2013-09-14,5894325.0,actual
2013-09-15,224076.0,actual
2013-09-16,6130906.0,actual
2013-09-17,5785061.0,actual
2013-09-18,5438193.0,actual
2013-09-19,5797033.0,actual
2013-09-20,6042768.0,actual
2013-09-21,5745122.0,actual
2013-09-22,204164.0,actual
2013-09-23,9449348.0,actual
2013-09-24,7922441.0,actual
2013-09-25,7390563.0,actual
2013-09-26,7489318.0,actual
2013-09-27,8267396.0,actual
2013-09-28,6245049.0,actual
2013-09-29,228875.0,actual
2013-09-30,7660976.0,actual
2013-10-01,6677200.0,actual
2013-10-02,7168893.0,actual
2013-10-03,285518.0,actual
2013-10-04,8196635.0,actual
2013-10-05,6142021.0,actual
2013-10-06,217293.0,actual
2013-10-07,11062400.0,actual
2013-10-08,8949093.0,actual
2013-10-09,8089729.0,actual
2013-10-10,7809827.0,actual
2013-10-11,8141538.0,actual
2013-10-12,6203651.0,actual
2013-10-13,227064.0,actual
2013-10-14,6571405.0,actual
2013-10-15,5864402.0,actual
2013-10-16,5933839.0,actual
2013-10-17,5861163.0,actual
2013-10-18,6319569.0,actual
2013-10-19,5868927.0,actual
2013-10-20,208367.0,actual
2013-10-21,9833873.0,actual
2013-10-22,7927560.0,actual
2013-10-23,7416700.0,actual
2013-10-24,7378657.0,actual
2013-10-25,7589058.0,actual
2013-10-26,5744750.0,actual
2013-10-27,218159.0,actual
2013-10-28,5831815.0,actual
2013-10-29,6145546.0,actual
2013-10-30,6970004.0,actual
2013-10-31,6807674.0,actual
2013-11-01,3940492.0,actual
2013-11-02,7410509.0,actual
2013-11-03,175864.0,actual
2013-11-04,10568398.0,actual
2013-11-05,9306571.0,actual
2013-11-06,8224747.0,actual
2013-11-07,7951819.0,actual
2013-11-08,8443830.0,actual
2013-11-09,6566741.0,actual
2013-11-10,187852.0,actual
2013-11-11,6423778.0,actual
2013-11-12,6003149.0,actual
2013-11-13,6028677.0,actual
2013-11-14,6140303.0,actual
2013-11-15,6741987.0,actual
2013-11-16,6605960.0,actual
2013-11-17,194615.0,actual
2013-11-18,10528615.0,actual
2013-11-19,8895888.0,actual
2013-11-20,7472513.0,actual
2013-11-21,8084449.0,actual
2013-11-22,8199106.0,actual
2013-11-23,6593077.0,actual
2013-11-24,198110.0,actual
2013-11-25,7204808.0,actual
2013-11-26,6673704.0,actual
2013-11-27,6725418.0,actual
2013-11-28,7262197.0,actual
2013-11-29,8803269.0,actual
2013-11-30,8614478.0,actual
2013-12-01,220033.0,actual
2013-12-02,12972440.0,actual
2013-12-03,10915444.0,actual
2013-12-04,10203870.0,actual
2013-12-05,10296749.0,actual
2013-12-06,8431475.0,actual
2013-12-07,7231141.0,actual
2013-12-08,190125.0,actual
2013-12-09,7607576.0,actual
2013-12-10,7458243.0,actual
2013-12-11,7364610.0,actual
2013-12-12,7520198.0,actual
2013-12-13,8012317.0,actual
2013-12-14,7938245.0,actual
2013-12-15,214032.0,actual
2013-12-16,15623548.0,actual
2013-12-17,13053993.0,actual
2013-12-18,12189674.0,actual
2013-12-19,11740273.0,actual
2013-12-20,12334496.0,actual
2013-12-21,10165366.0,actual
2013-12-22,263979.0,actual
2013-12-23,14350056.0,actual
2013-12-24,5232808.0,actual
2013-12-25,142585.0,actual
2013-12-26,188597.0,actual
2013-12-27,8168568.0,actual
2013-12-28,6726568.0,actual
2013-12-29,226553.0,actual
2013-12-30,10192135.0,actual
2013-12-31,4534864.0,actual
2014-01-01,118108.0,actual
2014-01-02,6980556.0,actual
2014-01-03,7024253.0,actual
2014-01-04,6357259.0,actual
2014-01-05,184905.0,actual
2014-01-06,8661727.0,actual
2014-01-07,10456932.0,actual
2014-01-08,8643239.0,actual
2014-01-09,8016642.0,actual
2014-01-10,8548672.0,actual
2014-01-11,6231179.0,actual
2014-01-12,175744.0,actual
2014-01-13,6089929.0,actual
2014-01-14,5785842.0,actual
2014-01-15,5779426.0,actual
2014-01-16,5720266.0,actual
2014-01-17,6332625.0,actual
2014-01-18,6213031.0,actual
2014-01-19,175778.0,actual
2014-01-20,10648819.0,actual
2014-01-21,8475207.0,actual
2014-01-22,7970289.0,actual
2014-01-23,7625568.0,actual
2014-01-24,7851977.0,actual
2014-01-25,5986034.0,actual
2014-01-26,160153.0,actual
2014-01-27,5689615.0,actual
2014-01-28,5790602.0,actual
2014-01-29,5809489.0,actual
2014-01-30,6313068.0,actual
2014-01-31,7935853.0,actual
2014-02-01,6934170.0,actual
2014-02-02,214940.0,actual
2014-02-03,11757740.0,actual
2014-02-04,9651472.0,actual
2014-02-05,8456987.0,actual
2014-02-06,8226263.0,actual
2014-02-07,8075318.0,actual
2014-02-08,6387706.0,actual
2014-02-09,190226.0,actual
2014-02-10,6451410.0,actual
2014-02-11,6056843.0,actual
2014-02-12,6046448.0,actual
2014-02-13,6180416.0,actual
2014-02-14,7086640.0,actual
2014-02-15,6293698.0,actual
2014-02-16,190158.0,actual
2014-02-17,10675316.0,actual
2014-02-18,8708285.0,actual
2014-02-19,7855918.0,actual
2014-02-20,7738889.0,actual
2014-02-21,7862313.0,actual
2014-02-22,6123882.0,actual
2014-02-23,185005.0,actual
2014-02-24,6036002.0,actual
2014-02-25,5697449.0,actual
2014-02-26,5960448.0,actual
2014-02-27,6006428.0,actual
2014-02-28,7874307.0,actual
2014-03-01,7088957.0,actual
2014-03-02,225564.0,actual
2014-03-03,10254710.0,actual
2014-03-04,9211960.0,actual
2014-03-05,8802968.0,actual
2014-03-06,8444592.0,actual
2014-03-07,8486290.0,actual
2014-03-08,6075937.0,actual
2014-03-09,187110.0,actual
2014-03-10,6204784.0,actual
2014-03-11,5906003.0,actual
2014-03-12,5795093.0,actual
2014-03-13,5898902.0,actual
2014-03-14,6447567.0,actual
2014-03-15,6310072.0,actual
2014-03-16,213125.0,actual
2014-03-17,10311703.0,actual
2014-03-18,8426401.0,actual
2014-03-19,7849900.0,actual
2014-03-20,7179418.0,actual
2014-03-21,7681649.0,actual
2014-03-22,6176931.0,actual
2014-03-23,217517.0,actual
2014-03-24,6506590.0,actual
2014-03-25,5909575.0,actual
2014-03-26,5840946.0,actual
2014-03-27,6024721.0,actual
2014-03-28,6822072.0,actual
2014-03-29,6248819.0,actual
2014-03-30,207045.0,actual
2014-03-31,12062933.0,actual
2014-04-01,9114237.0,actual
2014-04-02,8314447.0,actual
2014-04-03,8215262.0,actual
2014-04-04,8575005.0,actual
2014-04-05,6560749.0,actual
2014-04-06,223163.0,actual
2014-04-07,6624706.0,actual
2014-04-08,6248167.0,actual
2014-04-09,6410230.0,actual
2014-04-10,6524511.0,actual
2014-04-11,6910251.0,actual
2014-04-12,6388099.0,actual
2014-04-13,241475.0,actual
2014-04-14,11683139.0,actual
2014-04-15,10668363.0,actual
2014-04-16,10024850.0,actual
2014-04-17,10357418.0,actual
2014-04-18,222365.0,actual
2014-04-19,8428009.0,actual
2014-04-20,186799.0,actual
2014-04-21,240988.0,actual
2014-04-22,6971756.0,actual
2014-04-23,5997676.0,actual
2014-04-24,6039156.0,actual
2014-04-25,6219955.0,actual
2014-04-26,5968493.0,actual
2014-04-27,219630.0,actual
2014-04-28,10667908.0,actual
2014-04-29,9457130.0,actual
2014-04-30,10841040.0,actual
2014-05-01,238077.0,actual
2014-05-02,11310699.0,actual
2014-05-03,6850332.0,actual
2014-05-04,227506.0,actual
2014-05-05,10797063.0,actual
2014-05-06,9073871.0,actual
2014-05-07,8451824.0,actual
2014-05-08,8356504.0,actual
2014-05-09,8722646.0,actual
2014-05-10,6828031.0,actual
2014-05-11,242817.0,actual
2014-05-12,6383523.0,actual
2014-05-13,6128627.0,actual
2014-05-14,6141038.0,actual
2014-05-15,6252912.0,actual
2014-05-16,6515173.0,actual
2014-05-17,6052688.0,actual
2014-05-18,234786.0,actual
2014-05-19,10104320.0,actual
2014-05-20,8264365.0,actual
2014-05-21,7727052.0,actual
2014-05-22,7517793.0,actual
2014-05-23,8177009.0,actual
2014-05-24,6130815.0,actual
2014-05-25,224097.0,actual
2014-05-26,6489410.0,actual
2014-05-27,6286135.0,actual
2014-05-28,7944392.0,actual
2014-05-29,292254.0,actual
2014-05-30,9846892.0,actual
2014-05-31,6880606.0,actual
2014-06-01,264670.0,actual
2014-06-02,11662688.0,actual
2014-06-03,9598519.0,actual
2014-06-04,8807342.0,actual
2014-06-05,8812312.0,actual
2014-06-06,8857173.0,actual
2014-06-07,6731210.0,actual
2014-06-08,275989.0,actual
2014-06-09,288181.0,actual
2014-06-10,7416071.0,actual
2014-06-11,6688764.0,actual
2014-06-12,6939204.0,actual
2014-06-13,7068339.0,actual
2014-06-14,6574173.0,actual
2014-06-15,238273.0,actual
2014-06-16,10692037.0,actual
2014-06-17,9295150.0,actual
2014-06-18,9059505.0,actual
2014-06-19,3307766.0,actual
2014-06-20,9683407.0,actual
2014-06-21,6065789.0,actual
2014-06-22,230668.0,actual
2014-06-23,6604967.0,actual
2014-06-24,6040970.0,actual
2014-06-25,5977803.0,actual
2014-06-26,5802491.0,actual
2014-06-27,6910940.0,actual
2014-06-28,6586535.0,actual
2014-06-29,257513.0,actual
2014-06-30,13308602.0,actual
2014-07-01,8240050.0,actual
2014-07-02,7708595.0,actual
2014-07-03,7204662.0,actual
2014-07-04,6518718.0,actual
2014-07-05,5377184.0,actual
2014-07-06,241423.0,actual
2014-07-07,6059587.0,actual
2014-07-08,5119383.0,actual
2014-07-09,4959489.0,actual
2014-07-10,5729302.0,actual
2014-07-11,5791635.0,actual
2014-07-12,5329624.0,actual
2014-07-13,268130.0,actual
2014-07-14,8607714.0,actual
2014-07-15,7684994.0,actual
2014-07-16,7177840.0,actual
2014-07-17,6837176.0,actual
2014-07-18,6647315.0,actual
2014-07-19,4689269.0,actual
2014-07-20,248092.0,actual
2014-07-21,5690785.0,actual
2014-07-22,5274595.0,actual
2014-07-23,5068787.0,actual
2014-07-24,5179026.0,actual
2014-07-25,5493418.0,actual
2014-07-26,4887412.0,actual
2014-07-27,244638.0,actual
2014-07-28,8536879.0,actual
2014-07-29,7323566.0,actual
2014-07-30,7468663.0,actual
2014-07-31,8284756.0,actual
2014-08-01,7544719.0,actual
2014-08-02,5300445.0,actual
2014-08-03,273058.0,actual
2014-08-04,9062750.0,actual
2014-08-05,7530345.0,actual
2014-08-06,6709611.0,actual
2014-08-07,6772684.0,actual
2014-08-08,6571862.0,actual
2014-08-09,4938926.0,actual
2014-08-10,249646.0,actual
2014-08-11,5850906.0,actual
2014-08-12,5281785.0,actual
2014-08-13,5149918.0,actual
2014-08-14,5395023.0,actual
2014-08-15,5595129.0,actual
2014-08-16,5021534.0,actual
2014-08-17,255808.0,actual
2014-08-18,9250961.0,actual
2014-08-19,7698449.0,actual
2014-08-20,7022798.0,actual
2014-08-21,6616202.0,actual
2014-08-22,6638319.0,actual
2014-08-23,4958030.0,actual
2014-08-24,248837.0,actual
2014-08-25,5750763.0,actual
2014-08-26,5056366.0,actual
2014-08-27,5167298.0,actual
2014-08-28,5355611.0,actual
2014-08-29,6562758.0,actual
2014-08-30,5643050.0,actual
2014-08-31,274884.0,actual
2014-09-01,9737203.0,actual
2014-09-02,7854744.0,actual
2014-09-03,7170145.0,actual
2014-09-04,6799830.0,actual
2014-09-05,6908744.0,actual
2014-09-06,5010762.0,actual
2014-09-07,228115.0,actual
2014-09-08,5655302.0,actual
2014-09-09,5259862.0,actual
2014-09-10,5220667.0,actual
2014-09-11,5288519.0,actual
2014-09-12,5479788.0,actual
2014-09-13,5134569.0,actual
2014-09-14,243543.0,actual
2014-09-15,8724338.0,actual
2014-09-16,7191134.0,actual
2014-09-17,6513743.0,actual
2014-09-18,6397477.0,actual
2014-09-19,6550530.0,actual
2014-09-20,4915671.0,actual
2014-09-21,242302.0,actual
2014-09-22,5277645.0,actual
2014-09-23,4977122.0,actual
2014-09-24,4805992.0,actual
2014-09-25,4969583.0,actual
2014-09-26,5320736.0,actual
2014-09-27,4975386.0,actual
2014-09-28,220642.0,actual
2014-09-29,8548286.0,actual
2014-09-30,8893788.0,actual
2014-10-01,7702334.0,actual
2014-10-02,8155792.0,actual
2014-10-03,307988.0,actual
2014-10-04,6426083.0,actual
2014-10-05,225796.0,actual
2014-10-06,9028634.0,actual
2014-10-07,7332784.0,actual
2014-10-08,6869767.0,actual
2014-10-09,6816808.0,actual
2014-10-10,7047404.0,actual
2014-10-11,5190193.0,actual
2014-10-12,240423.0,actual
2014-10-13,5445980.0,actual
2014-10-14,5213744.0,actual
2014-10-15,5110401.0,actual
2014-10-16,5179446.0,actual
2014-10-17,5449686.0,actual
2014-10-18,4945733.0,actual
2014-10-19,204991.0,actual
2014-10-20,8078830.0,actual
2014-10-21,6677374.0,actual
2014-10-22,6129832.0,actual
2014-10-23,6463607.0,actual
2014-10-24,6523289.0,actual
2014-10-25,4894704.0,actual
2014-10-26,219359.0,actual
2014-10-27,5508341.0,actual
2014-10-28,5163755.0,actual
2014-10-29,5285015.0,actual
2014-10-30,6271893.0,actual
2014-10-31,6106412.0,actual
2014-11-01,3522395.0,actual
2014-11-02,213741.0,actual
2014-11-03,9953793.0,actual
2014-11-04,8181287.0,actual
2014-11-05,7493001.0,actual
2014-11-06,7184058.0,actual
2014-11-07,7298281.0,actual
2014-11-08,5629423.0,actual
2014-11-09,177774.0,actual
2014-11-10,8095306.0,actual
2014-11-11,7083145.0,actual
2014-11-12,6686356.0,actual
2014-11-13,6750180.0,actual
2014-11-14,7064885.0,actual
2014-11-15,5576429.0,actual
2014-11-16,203453.0,actual
2014-11-17,5849735.0,actual
2014-11-18,5367537.0,actual
2014-11-19,4888765.0,actual
2014-11-20,5575878.0,actual
2014-11-21,5816514.0,actual
2014-11-22,5522528.0,actual
2014-11-23,198298.0,actual
2014-11-24,9020315.0,actual
2014-11-25,7868758.0,actual
2014-11-26,7518283.0,actual
2014-11-27,7867510.0,actual
2014-11-28,9172722.0,actual
2014-11-29,7305547.0,actual
2014-11-30,242056.0,actual
2014-12-01,10276971.0,actual
2014-12-02,8843822.0,actual
2014-12-03,8258019.0,actual
2014-12-04,8554042.0,actual
2014-12-05,9801856.0,actual
2014-12-06,6479401.0,actual
2014-12-07,196469.0,actual
2014-12-08,6560015.0,actual
2014-12-09,6329729.0,actual
2014-12-10,5909802.0,actual
2014-12-11,6156944.0,actual
2014-12-12,6501211.0,actual
2014-12-13,6779226.0,actual
2014-12-14,218670.0,actual
2014-12-15,12133381.0,actual
2014-12-16,10621060.0,actual
2014-12-17,9483386.0,actual
2014-12-18,9808212.0,actual
2014-12-19,9518489.0,actual
2014-12-20,7956411.0,actual
2014-12-21,259248.0,actual
2014-12-22,11007641.0,actual
2014-12-23,10712124.0,actual
2014-12-24,4612716.0,actual
2014-12-25,155386.0,actual
2014-12-26,205238.0,actual
2014-12-27,5710292.0,actual
2014-12-28,218071.0,actual
2014-12-29,7291426.0,actual
2014-12-30,7665743.0,actual
2014-12-31,3895591.0,actual
2015-01-01,130162.0,actual
2015-01-02,7561431.0,actual
2015-01-03,6150311.0,actual
2015-01-04,197193.0,actual
2015-01-05,11303805.0,actual
2015-01-06,6791481.0,actual
2015-01-07,8621857.0,actual
2015-01-08,7646645.0,actual
2015-01-09,7945387.0,actual
2015-01-10,6277742.0,actual
2015-01-11,183367.0,actual
2015-01-12,9840664.0,actual
2015-01-13,8538569.0,actual
2015-01-14,7881690.0,actual
2015-01-15,7774935.0,actual
2015-01-16,8456148.0,actual
2015-01-17,6525692.0,actual
2015-01-18,195778.0,actual
2015-01-19,6386391.0,actual
2015-01-20,5744162.0,actual
2015-01-21,5882045.0,actual
2015-01-22,5933913.0,actual
2015-01-23,6326166.0,actual
2015-01-24,5811369.0,actual
2015-01-25,179028.0,actual
2015-01-26,9401803.0,actual
2015-01-27,8392342.0,actual
2015-01-28,7930037.0,actual
2015-01-29,8024066.0,actual
2015-01-30,9454954.0,actual
2015-01-31,7354597.0,actual
2015-02-01,225556.0,actual
2015-02-02,10291172.0,actual
2015-02-03,8904680.0,actual
2015-02-04,8136074.0,actual
2015-02-05,7973916.0,actual
2015-02-06,8439787.0,actual
2015-02-07,6594669.0,actual
2015-02-08,208209.0,actual
2015-02-09,6477197.0,actual
2015-02-10,6345089.0,actual
2015-02-11,6393495.0,actual
2015-02-12,6151076.0,actual
2015-02-13,7212357.0,actual
2015-02-14,6701361.0,actual
2015-02-15,217257.0,actual
2015-02-16,9321996.0,actual
2015-02-17,8299474.0,actual
2015-02-18,8058390.0,actual
2015-02-19,8031173.0,actual
2015-02-20,8094451.0,actual
2015-02-21,6290922.0,actual
2015-02-22,199419.0,actual
2015-02-23,5984980.0,actual
2015-02-24,6021986.0,actual
2015-02-25,6028364.0,actual
2015-02-26,6471718.0,actual
2015-02-27,7778945.0,actual
2015-02-28,7421745.0,actual
2015-03-01,228942.0,actual
2015-03-02,10933146.0,actual
2015-03-03,9234921.0,actual
2015-03-04,8421680.0,actual
2015-03-05,8263354.0,actual
2015-03-06,8504508.0,actual
2015-03-07,6565020.0,actual
2015-03-08,201341.0,actual
2015-03-09,6765029.0,actual
2015-03-10,6211021.0,actual
2015-03-11,6272025.0,actual
2015-03-12,6376255.0,actual
2015-03-13,6942094.0,actual
2015-03-14,6625997.0,actual
2015-03-15,244505.0,actual
2015-03-16,10877344.0,actual
2015-03-17,8792886.0,actual
2015-03-18,7993269.0,actual
2015-03-19,8073881.0,actual
2015-03-20,8291098.0,actual
2015-03-21,6398094.0,actual
2015-03-22,235852.0,actual
2015-03-23,6788834.0,actual
2015-03-24,6226359.0,actual
2015-03-25,6073784.0,actual
2015-03-26,6362734.0,actual
2015-03-27,7078009.0,actual
2015-03-28,6829093.0,actual
2015-03-29,226242.0,actual
2015-03-30,12371453.0,actual
2015-03-31,11222913.0,actual
2015-04-01,11102030.0,actual
2015-04-02,11400447.0,actual
2015-04-03,242473.0,actual
2015-04-04,9366558.0,actual
2015-04-05,217211.0,actual
2015-04-06,272921.0,actual
2015-04-07,7896155.0,actual
2015-04-08,6790649.0,actual
2015-04-09,6560475.0,actual
2015-04-10,6669239.0,actual
2015-04-11,6445499.0,actual
2015-04-12,244956.0,actual
2015-04-13,11075002.0,actual
2015-04-14,9166055.0,actual
2015-04-15,8002511.0,actual
2015-04-16,8396675.0,actual
2015-04-17,8738327.0,actual
2015-04-18,6569186.0,actual
2015-04-19,237342.0,actual
2015-04-20,6588863.0,actual
2015-04-21,6039464.0,actual
2015-04-22,6082195.0,actual
2015-04-23,6153519.0,actual
2015-04-24,6367560.0,actual
2015-04-25,6305451.0,actual
2015-04-26,234093.0,actual
2015-04-27,10605500.0,actual
2015-04-28,9302980.0,actual
2015-04-29,9517703.0,actual
2015-04-30,11327847.0,actual
2015-05-01,264231.0,actual
2015-05-02,8764984.0,actual
2015-05-03,249207.0,actual
2015-05-04,10995906.0,actual
2015-05-05,8778928.0,actual
2015-05-06,8633577.0,actual
2015-05-07,8550616.0,actual
2015-05-08,8665512.0,actual
2015-05-09,7157061.0,actual
2015-05-10,251720.0,actual
2015-05-11,6732629.0,actual
2015-05-12,6686277.0,actual
2015-05-13,8147927.0,actual
2015-05-14,289247.0,actual
2015-05-15,8596524.0,actual
2015-05-16,6497847.0,actual
2015-05-17,255680.0,actual
2015-05-18,10603240.0,actual
2015-05-19,8925994.0,actual
2015-05-20,8355497.0,actual
2015-05-21,8228411.0,actual
2015-05-22,8352281.0,actual
2015-05-23,6773815.0,actual
2015-05-24,261385.0,actual
2015-05-25,299473.0,actual
2015-05-26,7776413.0,actual
2015-05-27,6876443.0,actual
2015-05-28,6974793.0,actual
2015-05-29,8372820.0,actual
2015-05-30,7546769.0,actual
2015-05-31,278690.0,actual
2015-06-01,11743615.0,actual
2015-06-02,9925193.0,actual
2015-06-03,9731791.0,actual
2015-06-04,3534231.0,actual
2015-06-05,9724893.0,actual
2015-06-06,6478518.0,actual
2015-06-07,262497.0,actual
2015-06-08,7366781.0,actual
2015-06-09,6865990.0,actual
2015-06-10,6524741.0,actual
2015-06-11,6553081.0,actual
2015-06-12,6606431.0,actual
2015-06-13,6510261.0,actual
2015-06-14,269533.0,actual
2015-06-15,11570100.0,actual
2015-06-16,9636747.0,actual
2015-06-17,8618478.0,actual
2015-06-18,8191358.0,actual
2015-06-19,8458252.0,actual
2015-06-20,6390661.0,actual
2015-06-21,249849.0,actual
2015-06-22,6552538.0,actual
2015-06-23,6292372.0,actual
2015-06-24,6257424.0,actual
2015-06-25,6211764.0,actual
2015-06-26,6634687.0,actual
2015-06-27,6538314.0,actual
2015-06-28,262669.0,actual
2015-06-29,11916672.0,actual
2015-06-30,11483932.0,actual
2015-07-01,8989672.0,actual
2015-07-02,8446293.0,actual
2015-07-03,8530388.0,actual
2015-07-04,6054276.0,actual
2015-07-05,269248.0,actual
2015-07-06,7540473.0,actual
2015-07-07,6393024.0,actual
2015-07-08,6915625.0,actual
2015-07-09,6938182.0,actual
2015-07-10,7064909.0,actual
2015-07-11,6262022.0,actual
2015-07-12,277047.0,actual
2015-07-13,10841267.0,actual
2015-07-14,9340405.0,actual
2015-07-15,8756137.0,actual
2015-07-16,8373873.0,actual
2015-07-17,7949337.0,actual
2015-07-18,6448982.0,actual
2015-07-19,298418.0,actual
2015-07-20,7339321.0,actual
2015-07-21,6356482.0,actual
2015-07-22,6110388.0,actual
2015-07-23,6687068.0,actual
2015-07-24,6601325.0,actual
2015-07-25,6021666.0,actual
2015-07-26,285865.0,actual
2015-07-27,10707292.0,actual
2015-07-28,9115073.0,actual
2015-07-29,8499962.0,actual
2015-07-30,8798854.0,actual
2015-07-31,10109742.0,actual
2015-08-01,5301340.69,predicted
2015-08-02,272445.71,predicted
2015-08-03,9379829.49,predicted
2015-08-04,7673312.31,predicted
2015-08-05,7047113.61,predicted
2015-08-06,6874657.93,predicted
2015-08-07,7085502.77,predicted
2015-08-08,6144857.9,predicted
2015-08-09,274527.81,predicted
2015-08-10,6538506.61,predicted
2015-08-11,6445093.1,predicted
2015-08-12,6348456.27,predicted
2015-08-13,6522407.06,predicted
2015-08-14,5819294.84,predicted
2015-08-15,6263984.1,predicted
2015-08-16,285074.95,predicted
2015-08-17,9562289.93,predicted
2015-08-18,8372232.63,predicted
2015-08-19,7336164.06,predicted
2015-08-20,7020594.43,predicted
2015-08-21,7025223.34,predicted
2015-08-22,6082699.21,predicted
2015-08-23,279706.89,predicted
2015-08-24,6533754.14,predicted
2015-08-25,5686648.15,predicted
2015-08-26,6174353.89,predicted
2015-08-27,6449024.8,predicted
2015-08-28,7048269.47,predicted
2015-08-29,6486763.21,predicted
2015-08-30,283445.77,predicted
2015-08-31,11199185.97,predicted
2015-09-01,8222373.72,predicted
2015-09-02,7929747.08,predicted
2015-09-03,5594734.2,predicted
2015-09-04,6423746.14,predicted
2015-09-05,6196223.01,predicted
2015-09-06,253301.09,predicted
2015-09-07,7593215.48,predicted
2015-09-08,6526066.4,predicted
2015-09-09,6425795.07,predicted
2015-09-10,6355706.03,predicted
2015-09-11,6467156.69,predicted
2015-09-12,6183567.47,predicted
2015-09-13,262950.27,predicted
2015-09-14,8333801.24,predicted
2015-09-15,7652673.65,predicted
2015-09-16,7228267.04,predicted
2015-09-17,6981663.56,predicted
2015-09-18,7025184.09,predicted
2015-09-19,6184647.16,predicted
2015-09-20,260102.98,predicted
2015-09-21,6664129.93,predicted
2015-09-22,6276837.52,predicted
2015-09-23,6081261.76,predicted
2015-09-24,6059829.29,predicted
2015-09-25,6136374.46,predicted
2015-09-26,6058358.91,predicted
2015-09-27,259051.95,predicted
2015-09-28,8437354.17,predicted
2015-09-29,8374584.74,predicted
2015-09-30,8477252.21,predicted
2015-10-01,6712367.48,predicted
2015-10-02,6359710.37,predicted
2015-10-03,6066337.21,predicted
2015-10-04,242994.72,predicted
2015-10-05,9245875.44,predicted
2015-10-06,7359809.08,predicted
2015-10-07,7018063.13,predicted
2015-10-08,6844452.55,predicted
2015-10-09,7107859.93,predicted
2015-10-10,6117399.12,predicted
2015-10-11,244352.46,predicted
2015-10-12,7311409.18,predicted
2015-10-13,7115241.93,predicted
2015-10-14,6413175.63,predicted
2015-10-15,6687067.53,predicted
2015-10-16,6962440.24,predicted
2015-10-17,6211225.49,predicted
2015-10-18,242096.08,predicted
2015-10-19,8363921.24,predicted
2015-10-20,7155902.34,predicted
2015-10-21,6646243.62,predicted
2015-10-22,6450287.25,predicted
2015-10-23,6628920.11,predicted
2015-10-24,6032689.86,predicted
2015-10-25,240299.92,predicted
2015-10-26,7333188.03,predicted
2015-10-27,7204336.61,predicted
2015-10-28,6992294.42,predicted
2015-10-29,7267129.78,predicted
2015-10-30,7967240.77,predicted
2015-10-31,6893135.67,predicted
2015-11-01,232855.98,predicted
2015-11-02,9962216.47,predicted
2015-11-03,7752775.06,predicted
2015-11-04,7258531.67,predicted
2015-11-05,7460178.54,predicted
2015-11-06,7393123.9,predicted
2015-11-07,6179023.36,predicted
2015-11-08,219285.91,predicted
2015-11-09,7088913.74,predicted
2015-11-10,6836245.97,predicted
2015-11-11,6641130.29,predicted
2015-11-12,6658886.12,predicted
2015-11-13,7000021.5,predicted
2015-11-14,6029184.92,predicted
2015-11-15,234094.54,predicted
2015-11-16,8025423.05,predicted
2015-11-17,6924246.61,predicted
2015-11-18,6702650.73,predicted
2015-11-19,6586560.1,predicted
2015-11-20,6683549.17,predicted
2015-11-21,6148929.61,predicted
2015-11-22,244171.94,predicted
2015-11-23,8492903.08,predicted
2015-11-24,7186892.89,predicted
2015-11-25,6840227.5,predicted
2015-11-26,6914151.44,predicted
2015-11-27,7669449.97,predicted
2015-11-28,6738794.53,predicted
2015-11-29,245101.59,predicted
2015-11-30,9068785.7,predicted
2015-12-01,8129418.95,predicted
2015-12-02,8687010.0,predicted
2015-12-03,7628111.78,predicted
2015-12-04,8552233.77,predicted
2015-12-05,7232954.52,predicted
2015-12-06,227135.25,predicted
2015-12-07,7661271.11,predicted
2015-12-08,7120220.73,predicted
2015-12-09,6394831.23,predicted
2015-12-10,6276360.37,predicted
2015-12-11,6644407.66,predicted
2015-12-12,6794793.83,predicted
2015-12-13,242257.22,predicted
2015-12-14,11205554.42,predicted
2015-12-15,9758445.42,predicted
2015-12-16,9328072.81,predicted
2015-12-17,9288449.08,predicted
2015-12-18,9343672.28,predicted
2015-12-19,7687728.98,predicted
2015-12-20,256127.79,predicted
2015-12-21,10341560.95,predicted
2015-12-22,9471501.66,predicted
2015-12-23,6510899.6,predicted
2015-12-24,4053613.45,predicted
2015-12-25,2683901.53,predicted
2015-12-26,5067378.01,predicted
2015-12-27,246656.1,predicted
2015-12-28,8552017.45,predicted
2015-12-29,7125289.21,predicted
2015-12-30,6415789.88,predicted
2015-12-31,6205211.66,predicted
2016-01-01,2341438.44,predicted
2016-01-02,7655587.78,predicted
2016-01-03,197215.66,predicted
2016-01-04,10466328.11,predicted
2016-01-05,7665075.12,predicted
2016-01-06,8110716.6,predicted
2016-01-07,8229490.78,predicted
2016-01-08,7893083.46,predicted
2016-01-09,6487382.04,predicted
2016-01-10,187301.73,predicted
2016-01-11,7887772.52,predicted
2016-01-12,7535915.44,predicted
2016-01-13,7755137.46,predicted
2016-01-14,5610812.45,predicted
2016-01-15,7848367.77,predicted
2016-01-16,6445574.15,predicted
2016-01-17,190716.57,predicted
2016-01-18,8307248.49,predicted
2016-01-19,7134778.94,predicted
2016-01-20,6660610.41,predicted
2016-01-21,6574748.42,predicted
2016-01-22,6849796.78,predicted
2016-01-23,6177739.12,predicted
2016-01-24,181389.62,predicted
2016-01-25,6074814.74,predicted
2016-01-26,7478584.25,predicted
2016-01-27,7319086.62,predicted
2016-01-28,7587627.77,predicted
2016-01-29,7189268.06,predicted
2016-01-30,7836251.26,predicted
2016-01-31,173389.47,predicted
2016-02-01,8659540.67,predicted
2016-02-02,8887095.87,predicted
2016-02-03,7427536.15,predicted
2016-02-04,6625737.39,predicted
2016-02-05,8123669.73,predicted
2016-02-06,6646184.86,predicted
2016-02-07,208310.58,predicted
2016-02-08,6966272.51,predicted
2016-02-09,6778172.02,predicted
2016-02-10,6646306.8,predicted
2016-02-11,6473429.56,predicted
2016-02-12,6932339.76,predicted
2016-02-13,6582043.18,predicted
2016-02-14,214750.16,predicted
2016-02-15,9920900.26,predicted
2016-02-16,8403880.25,predicted
2016-02-17,7998776.25,predicted
2016-02-18,7746456.97,predicted
2016-02-19,7983671.64,predicted
2016-02-20,6493793.73,predicted
2016-02-21,204376.75,predicted
2016-02-22,6593087.67,predicted
2016-02-23,6193226.21,predicted
2016-02-24,6120782.9,predicted
2016-02-25,6313134.59,predicted
2016-02-26,6947513.24,predicted
2016-02-27,6567890.96,predicted
2016-02-28,198857.27,predicted
2016-02-29,9863054.25,predicted
2016-03-01,8845381.51,predicted
2016-03-02,9105725.22,predicted
2016-03-03,6409160.56,predicted
2016-03-04,6649137.25,predicted
2016-03-05,6959156.58,predicted
2016-03-06,212750.07,predicted
2016-03-07,6645999.95,predicted
2016-03-08,7227064.6,predicted
2016-03-09,6731176.34,predicted
2016-03-10,6601095.22,predicted
2016-03-11,6773832.25,predicted
2016-03-12,6559286.58,predicted
2016-03-13,238242.76,predicted
2016-03-14,10324661.67,predicted
2016-03-15,8805556.61,predicted
2016-03-16,8021619.38,predicted
2016-03-17,8087048.95,predicted
2016-03-18,7443181.4,predicted
2016-03-19,7080098.62,predicted
2016-03-20,231840.45,predicted
2016-03-21,5510297.68,predicted
2016-03-22,6583991.66,predicted
2016-03-23,6314911.72,predicted
2016-03-24,6309409.69,predicted
2016-03-25,6560613.1,predicted
2016-03-26,6387498.65,predicted
2016-03-27,227921.7,predicted
2016-03-28,9780445.49,predicted
2016-03-29,9060132.48,predicted
2016-03-30,10706046.66,predicted
2016-03-31,10491788.29,predicted
2016-04-01,6266483.07,predicted
2016-04-02,8689580.87,predicted
2016-04-03,224202.4,predicted
2016-04-04,9907437.24,predicted
2016-04-05,8230979.16,predicted
2016-04-06,8110135.07,predicted
2016-04-07,8149628.43,predicted
2016-04-08,7432479.8,predicted
2016-04-09,6732358.06,predicted
2016-04-10,225758.27,predicted
2016-04-11,6522731.19,predicted
2016-04-12,6729291.63,predicted
2016-04-13,7520395.13,predicted
2016-04-14,4535158.51,predicted
2016-04-15,8033155.64,predicted
2016-04-16,6562363.94,predicted
2016-04-17,236965.46,predicted
2016-04-18,10078492.03,predicted
2016-04-19,8346648.41,predicted
2016-04-20,7672977.52,predicted
2016-04-21,7462883.73,predicted
2016-04-22,6934657.68,predicted
2016-04-23,6497596.0,predicted
2016-04-24,234935.23,predicted
2016-04-25,4666944.08,predicted
2016-04-26,7447564.9,predicted
2016-04-27,7108440.93,predicted
2016-04-28,7766440.11,predicted
2016-04-29,7798301.94,predicted
2016-04-30,7891797.1,predicted
2016-05-01,251223.72,predicted
2016-05-02,10749659.08,predicted
2016-05-03,9115550.23,predicted
2016-05-04,7592308.2,predicted
2016-05-05,8347811.48,predicted
2016-05-06,8653848.14,predicted
2016-05-07,6932578.48,predicted
2016-05-08,253320.97,predicted
2016-05-09,5802116.17,predicted
2016-05-10,6922246.25,predicted
2016-05-11,6735008.46,predicted
2016-05-12,5569539.33,predicted
2016-05-13,7046036.2,predicted
2016-05-14,6415730.93,predicted
2016-05-15,257575.24,predicted
2016-05-16,10415121.3,predicted
2016-05-17,9063073.8,predicted
2016-05-18,8294265.61,predicted
2016-05-19,7782289.68,predicted
2016-05-20,8449429.85,predicted
2016-05-21,6613941.35,predicted
2016-05-22,256168.28,predicted
2016-05-23,5121014.4,predicted
2016-05-24,6514951.19,predicted
2016-05-25,6741641.54,predicted
2016-05-26,6720646.13,predicted
2016-05-27,7132293.13,predicted
2016-05-28,6928821.36,predicted
2016-05-29,263825.94,predicted
2016-05-30,12248408.26,predicted
2016-05-31,11011459.99,predicted
2016-06-01,6581024.08,predicted
2016-06-02,9838248.98,predicted
2016-06-03,6290037.75,predicted
2016-06-04,8112885.05,predicted
2016-06-05,260609.51,predicted
2016-06-06,5681736.81,predicted
2016-06-07,7445573.3,predicted
2016-06-08,7597306.64,predicted
2016-06-09,6251737.84,predicted
2016-06-10,7074838.45,predicted
2016-06-11,6608966.68,predicted
2016-06-12,266231.82,predicted
2016-06-13,10310990.84,predicted
2016-06-14,8553808.24,predicted
2016-06-15,8273019.47,predicted
2016-06-16,7938237.28,predicted
2016-06-17,8286330.09,predicted
2016-06-18,6610787.97,predicted
2016-06-19,257904.38,predicted
2016-06-20,6807432.81,predicted
2016-06-21,6723571.34,predicted
2016-06-22,6591968.32,predicted
2016-06-23,6453605.38,predicted
2016-06-24,6659636.67,predicted
2016-06-25,6430051.78,predicted
2016-06-26,261997.71,predicted
2016-06-27,9618832.99,predicted
2016-06-28,8578948.3,predicted
2016-06-29,7873261.9,predicted
2016-06-30,9331054.5,predicted
2016-07-01,6038823.33,predicted
2016-07-02,6425667.95,predicted
2016-07-03,272103.82,predicted
2016-07-04,10812207.16,predicted
2016-07-05,7965747.95,predicted
2016-07-06,7396779.22,predicted
2016-07-07,7511269.19,predicted
2016-07-08,7683833.4,predicted
2016-07-09,6234239.69,predicted
2016-07-10,274581.92,predicted
2016-07-11,6536442.81,predicted
2016-07-12,6643203.55,predicted
2016-07-13,7433398.86,predicted
2016-07-14,4867167.9,predicted
2016-07-15,8029317.95,predicted
2016-07-16,6306229.92,predicted
2016-07-17,285766.9,predicted
2016-07-18,10114491.19,predicted
2016-07-19,8297236.88,predicted
2016-07-20,7624301.1,predicted
2016-07-21,7222914.26,predicted
2016-07-22,7238798.18,predicted
2016-07-23,6133205.45,predicted
2016-07-24,280105.76,predicted
2016-07-25,5108666.31,predicted
2016-07-26,7086088.23,predicted
2016-07-27,6844660.0,predicted
2016-07-28,7160813.15,predicted
2016-07-29,7666203.96,predicted
2016-07-30,6916494.02,predicted
2016-07-31,284350.46,predicted
2016-08-01,9728622.18,predicted
2016-08-02,8229595.19,predicted
2016-08-03,7443980.9,predicted
2016-08-04,6492995.73,predicted
2016-08-05,7263104.52,predicted
2016-08-06,6063652.41,predicted
2016-08-07,270799.11,predicted
2016-08-08,6949686.18,predicted
2016-08-09,6336312.37,predicted
2016-08-10,6370599.13,predicted
2016-08-11,6302472.84,predicted
2016-08-12,6494178.03,predicted
2016-08-13,6248051.66,predicted
2016-08-14,278373.22,predicted
2016-08-15,9841377.29,predicted
2016-08-16,8557125.85,predicted
2016-08-17,7614195.74,predicted
2016-08-18,7326062.79,predicted
2016-08-19,7239320.71,predicted
2016-08-20,6203226.6,predicted
2016-08-21,284065.87,predicted
2016-08-22,6442585.5,predicted
2016-08-23,6157028.84,predicted
2016-08-24,5974970.1,predicted
2016-08-25,5970307.42,predicted
2016-08-26,6258520.83,predicted
2016-08-27,6128897.34,predicted
2016-08-28,282874.21,predicted
2016-08-29,10915270.31,predicted
2016-08-30,9729115.42,predicted
2016-08-31,8785261.16,predicted
2016-09-01,7207357.39,predicted
2016-09-02,6929974.13,predicted
2016-09-03,6293179.56,predicted
2016-09-04,254108.5,predicted
2016-09-05,8894680.75,predicted
2016-09-06,6990779.53,predicted
2016-09-07,6757562.66,predicted
2016-09-08,6686433.96,predicted
2016-09-09,6979119.36,predicted
2016-09-10,6141345.31,predicted
2016-09-11,257860.14,predicted
2016-09-12,7784643.22,predicted
2016-09-13,7413933.93,predicted
2016-09-14,6432247.05,predicted
2016-09-15,6795250.12,predicted
2016-09-16,7139110.64,predicted
2016-09-17,6243633.87,predicted
2016-09-18,260514.1,predicted
2016-09-19,8340754.49,predicted
2016-09-20,7014555.32,predicted
2016-09-21,6718063.54,predicted
2016-09-22,6475082.26,predicted
2016-09-23,6472695.21,predicted
2016-09-24,6056756.28,predicted
2016-09-25,255687.94,predicted
2016-09-26,7723542.95,predicted
2016-09-27,7593600.0,predicted
2016-09-28,7066225.94,predicted
2016-09-29,7353007.68,predicted
2016-09-30,8667365.77,predicted
2016-10-01,5020049.65,predicted
2016-10-02,244438.04,predicted
2016-10-03,9504128.93,predicted
2016-10-04,7498701.37,predicted
2016-10-05,7066141.45,predicted
2016-10-06,7050691.47,predicted
2016-10-07,7133978.65,predicted
2016-10-08,6164887.13,predicted
2016-10-09,240246.77,predicted
2016-10-10,7441012.09,predicted
2016-10-11,6647512.03,predicted
2016-10-12,6439008.31,predicted
2016-10-13,6533644.79,predicted
2016-10-14,5874731.52,predicted
2016-10-15,6233642.14,predicted
2016-10-16,248918.01,predicted
2016-10-17,7628977.55,predicted
2016-10-18,7216127.44,predicted
2016-10-19,6880039.99,predicted
2016-10-20,6677584.29,predicted
2016-10-21,6756383.91,predicted
2016-10-22,6051710.3,predicted
2016-10-23,242691.76,predicted
2016-10-24,7484232.31,predicted
2016-10-25,5996437.56,predicted
2016-10-26,6326764.0,predicted
2016-10-27,6643639.17,predicted
2016-10-28,7195612.82,predicted
2016-10-29,6765287.11,predicted
2016-10-30,250634.57,predicted
2016-10-31,8674479.52,predicted
2016-11-01,7777829.46,predicted
2016-11-02,7855647.52,predicted
2016-11-03,4796968.35,predicted
2016-11-04,6575278.21,predicted
2016-11-05,6289994.46,predicted
2016-11-06,221499.83,predicted
2016-11-07,8140573.46,predicted
2016-11-08,7099882.02,predicted
2016-11-09,6800699.5,predicted
2016-11-10,6775392.86,predicted
2016-11-11,6912352.38,predicted
2016-11-12,6102868.53,predicted
2016-11-13,237522.08,predicted
2016-11-14,7756452.93,predicted
2016-11-15,7211556.69,predicted
2016-11-16,7060144.02,predicted
2016-11-17,6740706.32,predicted
2016-11-18,6709410.52,predicted
2016-11-19,6160819.21,predicted
2016-11-20,235689.16,predicted
2016-11-21,7842254.89,predicted
2016-11-22,6991858.85,predicted
2016-11-23,6555966.96,predicted
2016-11-24,6822152.77,predicted
2016-11-25,7160458.5,predicted
2016-11-26,6242606.42,predicted
2016-11-27,239153.02,predicted
2016-11-28,7632517.94,predicted
2016-11-29,7911592.65,predicted
2016-11-30,8357153.88,predicted
2016-12-01,6444472.57,predicted
2016-12-02,8424586.06,predicted
2016-12-03,6980292.28,predicted
2016-12-04,231323.33,predicted
2016-12-05,10056370.37,predicted
2016-12-06,7846329.78,predicted
2016-12-07,8254320.17,predicted
2016-12-08,7604850.89,predicted
2016-12-09,6814307.95,predicted
2016-12-10,6695617.21,predicted
2016-12-11,226732.51,predicted
2016-12-12,8761699.36,predicted
2016-12-13,8610162.77,predicted
2016-12-14,6683635.89,predicted
2016-12-15,7718705.11,predicted
2016-12-16,9157977.99,predicted
2016-12-17,7604161.44,predicted
2016-12-18,248144.2,predicted
2016-12-19,10791138.43,predicted
2016-12-20,9769371.43,predicted
2016-12-21,9024750.61,predicted
2016-12-22,8488586.44,predicted
2016-12-23,7142781.04,predicted
2016-12-24,6338961.73,predicted
2016-12-25,251558.99,predicted
2016-12-26,9515680.73,predicted
2016-12-27,6760060.79,predicted
2016-12-28,5293537.73,predicted
2016-12-29,5656739.4,predicted
2016-12-30,6935505.17,predicted
2016-12-31,6837645.71,predicted
2017-01-01,200025.47,predicted
2017-01-02,10104269.4,predicted
2017-01-03,7680485.85,predicted
2017-01-04,7768143.35,predicted
2017-01-05,7810362.09,predicted
2017-01-06,8052524.75,predicted
2017-01-07,6473707.19,predicted
2017-01-08,188991.24,predicted
2017-01-09,7858181.61,predicted
2017-01-10,7538069.56,predicted
2017-01-11,7248924.52,predicted
2017-01-12,7182746.22,predicted
2017-01-13,7523079.93,predicted
2017-01-14,6404166.02,predicted
2017-01-15,190480.1,predicted
2017-01-16,8198539.43,predicted
2017-01-17,7440589.43,predicted
2017-01-18,7177729.19,predicted
2017-01-19,7016292.88,predicted
2017-01-20,7352309.57,predicted
2017-01-21,6236312.92,predicted
2017-01-22,183480.66,predicted
2017-01-23,7154648.04,predicted
2017-01-24,6653128.59,predicted
2017-01-25,6437866.17,predicted
2017-01-26,6689444.49,predicted
2017-01-27,7501514.31,predicted
2017-01-28,6899475.42,predicted
2017-01-29,173389.47,predicted
2017-01-30,10953389.61,predicted
2017-01-31,9746310.6,predicted
2017-02-01,7118899.21,predicted
2017-02-02,8667529.66,predicted
2017-02-03,5247650.81,predicted
2017-02-04,7536794.79,predicted
2017-02-05,211195.01,predicted
2017-02-06,5006564.22,predicted
2017-02-07,7598418.52,predicted
2017-02-08,7700930.64,predicted
2017-02-09,6835570.01,predicted
2017-02-10,7281600.13,predicted
2017-02-11,6555904.99,predicted
2017-02-12,212079.55,predicted
2017-02-13,9567743.36,predicted
2017-02-14,8059537.33,predicted
2017-02-15,7788953.49,predicted
2017-02-16,7873594.18,predicted
2017-02-17,8186991.51,predicted
2017-02-18,6519695.01,predicted
2017-02-19,204266.04,predicted
2017-02-20,7445842.32,predicted
2017-02-21,6538699.35,predicted
2017-02-22,6446033.87,predicted
2017-02-23,6417638.21,predicted
2017-02-24,6804415.06,predicted
2017-02-25,6275934.06,predicted
2017-02-26,199461.89,predicted
2017-02-27,8234374.22,predicted
2017-02-28,8232441.2,predicted
2017-03-01,9015334.11,predicted
2017-03-02,9713682.75,predicted
2017-03-03,5091165.5,predicted
2017-03-04,7861801.88,predicted
2017-03-05,215315.65,predicted
2017-03-06,4504681.6,predicted
2017-03-07,7729965.5,predicted
2017-03-08,7560736.98,predicted
2017-03-09,6699391.47,predicted
2017-03-10,7076391.67,predicted
2017-03-11,6571022.81,predicted
2017-03-12,233739.7,predicted
2017-03-13,10069549.42,predicted
2017-03-14,8200174.39,predicted
2017-03-15,7868780.2,predicted
2017-03-16,7929188.29,predicted
2017-03-17,8266240.42,predicted
2017-03-18,6564337.44,predicted
2017-03-19,231927.4,predicted
2017-03-20,7186661.89,predicted
2017-03-21,6649669.85,predicted
2017-03-22,6526969.8,predicted
2017-03-23,6400912.14,predicted
2017-03-24,6616528.44,predicted
2017-03-25,6364287.3,predicted
2017-03-26,228685.43,predicted
2017-03-27,9562118.53,predicted
2017-03-28,8859901.99,predicted
2017-03-29,8391721.49,predicted
2017-03-30,10275654.04,predicted
2017-03-31,10036380.4,predicted
2017-04-01,7481084.53,predicted
2017-04-02,223999.75,predicted
2017-04-03,9776361.19,predicted
2017-04-04,8341710.66,predicted
2017-04-05,8053484.75,predicted
2017-04-06,8162549.27,predicted
2017-04-07,7909821.17,predicted
2017-04-08,6633497.41,predicted
2017-04-09,224123.82,predicted
2017-04-10,6231836.3,predicted
2017-04-11,6686074.72,predicted
2017-04-12,6657868.0,predicted
2017-04-13,6724012.86,predicted
2017-04-14,5803339.76,predicted
2017-04-15,6572227.0,predicted
2017-04-16,239190.77,predicted
2017-04-17,10148839.04,predicted
2017-04-18,8572538.76,predicted
2017-04-19,7830015.15,predicted
2017-04-20,7832177.14,predicted
2017-04-21,7304953.65,predicted
2017-04-22,6453782.76,predicted
2017-04-23,233661.04,predicted
2017-04-24,6167938.89,predicted
2017-04-25,5856284.28,predicted
2017-04-26,6401862.59,predicted
2017-04-27,6882907.38,predicted
2017-04-28,7480517.0,predicted
2017-04-29,6852395.85,predicted
2017-04-30,230773.08,predicted
2017-05-01,8772121.22,predicted
2017-05-02,9501599.13,predicted
2017-05-03,8163425.2,predicted
2017-05-04,6178867.05,predicted
2017-05-05,8656821.01,predicted
2017-05-06,6890581.04,predicted
2017-05-07,252640.76,predicted
2017-05-08,6649209.92,predicted
2017-05-09,6840590.22,predicted
2017-05-10,6636555.67,predicted
2017-05-11,5701205.13,predicted
2017-05-12,6824276.9,predicted
2017-05-13,6661349.49,predicted
2017-05-14,257907.84,predicted
2017-05-15,10914191.69,predicted
2017-05-16,9186481.66,predicted
2017-05-17,8400446.48,predicted
2017-05-18,7680574.32,predicted
2017-05-19,8131584.12,predicted
2017-05-20,6807574.14,predicted
2017-05-21,256218.12,predicted
2017-05-22,5194516.56,predicted
2017-05-23,6567933.97,predicted
2017-05-24,6765883.45,predicted
2017-05-25,6689849.74,predicted
2017-05-26,6959899.79,predicted
2017-05-27,6640217.87,predicted
2017-05-28,263488.89,predicted
2017-05-29,11157253.33,predicted
2017-05-30,10880783.29,predicted
2017-05-31,10307587.59,predicted
2017-06-01,4596039.33,predicted
2017-06-02,9384998.8,predicted
2017-06-03,7995318.27,predicted
2017-06-04,261185.22,predicted
2017-06-05,10615874.3,predicted
2017-06-06,7653879.25,predicted
2017-06-07,8168280.92,predicted
2017-06-08,7774245.08,predicted
2017-06-09,7248731.92,predicted
2017-06-10,6741534.2,predicted
2017-06-11,265597.06,predicted
2017-06-12,7914614.88,predicted
2017-06-13,8172024.01,predicted
2017-06-14,6092237.46,predicted
2017-06-15,7620809.83,predicted
2017-06-16,8183265.09,predicted
2017-06-17,6488321.15,predicted
2017-06-18,256994.73,predicted
2017-06-19,8815147.18,predicted
2017-06-20,7584920.29,predicted
2017-06-21,7303505.27,predicted
2017-06-22,6842565.76,predicted
2017-06-23,7009306.82,predicted
2017-06-24,6445328.65,predicted
2017-06-25,259185.26,predicted
2017-06-26,7489150.64,predicted
2017-06-27,7817856.34,predicted
2017-06-28,7552806.1,predicted
2017-06-29,7047202.97,predicted
2017-06-30,9728337.7,predicted
2017-07-01,5323809.99,predicted
2017-07-02,271904.33,predicted
2017-07-03,10826532.42,predicted
2017-07-04,7950445.81,predicted
2017-07-05,7503767.46,predicted
2017-07-06,7528520.28,predicted
2017-07-07,7841949.09,predicted
2017-07-08,6204969.03,predicted
2017-07-09,274987.26,predicted
2017-07-10,6267317.08,predicted
2017-07-11,6608289.66,predicted
2017-07-12,6643312.91,predicted
2017-07-13,6801556.19,predicted
2017-07-14,6018848.36,predicted
2017-07-15,6330574.26,predicted
2017-07-16,285021.31,predicted
2017-07-17,10152087.15,predicted
2017-07-18,8894825.55,predicted
2017-07-19,7705353.24,predicted
2017-07-20,7412600.92,predicted
2017-07-21,7698832.29,predicted
2017-07-22,6126796.89,predicted
2017-07-23,279639.85,predicted
2017-07-24,6613030.47,predicted
2017-07-25,5845633.31,predicted
2017-07-26,6383445.3,predicted
2017-07-27,6719798.22,predicted
2017-07-28,7292977.87,predicted
2017-07-29,6667147.67,predicted
2017-07-30,283445.77,predicted
2017-07-31,11704026.09,predicted
2017-08-01,8464059.5,predicted
2017-08-02,8199625.28,predicted
2017-08-03,6188561.64,predicted
2017-08-04,6570438.49,predicted
2017-08-05,6215387.14,predicted
2017-08-06,270114.55,predicted
2017-08-07,7247950.41,predicted
2017-08-08,6525723.95,predicted
2017-08-09,6472185.14,predicted
2017-08-10,6433479.9,predicted
2017-08-11,6541929.97,predicted
2017-08-12,6180496.01,predicted
2017-08-13,278645.72,predicted
2017-08-14,9344253.53,predicted
2017-08-15,8311440.5,predicted
2017-08-16,7512450.74,predicted
2017-08-17,7252504.29,predicted
2017-08-18,7242447.31,predicted
2017-08-19,6182967.59,predicted
2017-08-20,285229.06,predicted
2017-08-21,6437503.77,predicted
2017-08-22,6371609.89,predicted
2017-08-23,6194971.97,predicted
2017-08-24,6162335.57,predicted
2017-08-25,6257494.81,predicted
2017-08-26,6069415.1,predicted
2017-08-27,282856.11,predicted
2017-08-28,9308846.1,predicted
2017-08-29,8641213.3,predicted
2017-08-30,8642693.49,predicted
2017-08-31,8778798.76,predicted
2017-09-01,6096328.95,predicted
2017-09-02,6275766.23,predicted
2017-09-03,255756.53,predicted
2017-09-04,9265289.93,predicted
2017-09-05,7483020.95,predicted
2017-09-06,6808828.78,predicted
2017-09-07,6823955.17,predicted
2017-09-08,6972733.02,predicted
2017-09-09,6164251.1,predicted
2017-09-10,255838.41,predicted
2017-09-11,7068006.87,predicted
2017-09-12,6443267.45,predicted
2017-09-13,6792529.33,predicted
2017-09-14,5047224.89,predicted
2017-09-15,7069357.24,predicted
2017-09-16,6244404.82,predicted
2017-09-17,263516.53,predicted
2017-09-18,8872379.81,predicted
2017-09-19,7701983.73,predicted
2017-09-20,7015867.4,predicted
2017-09-21,6804706.05,predicted
2017-09-22,6725765.52,predicted
2017-09-23,6069226.26,predicted
2017-09-24,256471.69,predicted
2017-09-25,5376488.87,predicted
2017-09-26,6778997.68,predicted
2017-09-27,6473908.5,predicted
2017-09-28,6819379.38,predicted
2017-09-29,7371865.42,predicted
2017-09-30,6582165.93,predicted
2017-10-01,244878.74,predicted
2017-10-02,9366056.83,predicted
2017-10-03,6722366.77,predicted
2017-10-04,6805288.95,predicted
2017-10-05,7052216.4,predicted
2017-10-06,7117281.78,predicted
2017-10-07,6168034.05,predicted
2017-10-08,239639.99,predicted
2017-10-09,7181443.85,predicted
2017-10-10,6734311.06,predicted
2017-10-11,6420020.96,predicted
2017-10-12,6369045.25,predicted
2017-10-13,6743595.4,predicted
2017-10-14,6072590.78,predicted
2017-10-15,248032.71,predicted
2017-10-16,7693883.72,predicted
2017-10-17,7166566.05,predicted
2017-10-18,6997100.06,predicted
2017-10-19,6762287.65,predicted
2017-10-20,6809014.49,predicted
2017-10-21,6137316.37,predicted
2017-10-22,248593.61,predicted
2017-10-23,7674684.9,predicted
2017-10-24,6429593.84,predicted
2017-10-25,6105427.13,predicted
2017-10-26,6267882.75,predicted
2017-10-27,6883407.66,predicted
2017-10-28,6437546.92,predicted
2017-10-29,247399.74,predicted
2017-10-30,9042068.85,predicted
2017-10-31,7792744.18,predicted
2017-11-01,6979282.87,predicted
2017-11-02,7478646.27,predicted
2017-11-03,4003266.33,predicted
2017-11-04,6356153.64,predicted
2017-11-05,224288.77,predicted
2017-11-06,7861524.9,predicted
2017-11-07,7374177.41,predicted
2017-11-08,7131026.56,predicted
2017-11-09,6933295.72,predicted
2017-11-10,7036450.17,predicted
2017-11-11,6086887.54,predicted
2017-11-12,232897.46,predicted
2017-11-13,7650772.07,predicted
2017-11-14,7294333.28,predicted
2017-11-15,7231844.53,predicted
2017-11-16,6945938.39,predicted
2017-11-17,6891224.38,predicted
2017-11-18,6141951.32,predicted
2017-11-19,235322.81,predicted
2017-11-20,8084732.59,predicted
2017-11-21,6999504.64,predicted
2017-11-22,6339914.79,predicted
2017-11-23,6650243.17,predicted
2017-11-24,7092099.28,predicted
2017-11-25,6167575.91,predicted
2017-11-26,237822.29,predicted
2017-11-27,7797750.55,predicted
2017-11-28,7872918.74,predicted
2017-11-29,7916695.5,predicted
2017-11-30,8214900.15,predicted
2017-12-01,5796872.27,predicted
2017-12-02,7175022.08,predicted
2017-12-03,231506.89,predicted
2017-12-04,10662704.19,predicted
2017-12-05,9077595.59,predicted
2017-12-06,8416221.62,predicted
2017-12-07,8274983.64,predicted
2017-12-08,7835858.33,predicted
2017-12-09,6649425.43,predicted
2017-12-10,223964.28,predicted
2017-12-11,7604986.74,predicted
2017-12-12,6771686.55,predicted
2017-12-13,6821807.42,predicted
2017-12-14,5873066.91,predicted
2017-12-15,7945454.35,predicted
2017-12-16,7365948.66,predicted
2017-12-17,244984.86,predicted
2017-12-18,11557609.45,predicted
2017-12-19,10093073.54,predicted
2017-12-20,9143327.64,predicted
2017-12-21,9318165.37,predicted
2017-12-22,8837695.58,predicted
2017-12-23,7322191.84,predicted
2017-12-24,253910.28,predicted
2017-12-25,9625318.25,predicted
2017-12-26,5692553.21,predicted
2017-12-27,4682698.5,predicted
2017-12-28,5176196.37,predicted
2017-12-29,6595206.35,predicted
2017-12-30,6986566.7,predicted
2017-12-31,250148.3,predicted
2018-01-01,7825752.63,predicted
2018-01-02,7611247.29,predicted
2018-01-03,7127922.89,predicted
2018-01-04,6574482.74,predicted
2018-01-05,7930294.77,predicted
2018-01-06,6477605.99,predicted
2018-01-07,192309.48,predicted
2018-01-08,8157988.87,predicted
2018-01-09,7632498.44,predicted
2018-01-10,7362603.13,predicted
2018-01-11,7284748.73,predicted
2018-01-12,7447402.59,predicted
2018-01-13,6417078.94,predicted
2018-01-14,186260.36,predicted
2018-01-15,8444289.14,predicted
2018-01-16,7493203.12,predicted
2018-01-17,7246440.8,predicted
2018-01-18,7079156.46,predicted
2018-01-19,7333042.2,predicted
2018-01-20,6361708.59,predicted
2018-01-21,187181.12,predicted
2018-01-22,7214089.76,predicted
2018-01-23,6631234.73,predicted
2018-01-24,6407960.3,predicted
2018-01-25,6513953.73,predicted
2018-01-26,6943485.78,predicted
2018-01-27,6373759.01,predicted
2018-01-28,173389.47,predicted
2018-01-29,9870100.96,predicted
2018-01-30,9617080.72,predicted
2018-01-31,9210090.5,predicted
2018-02-01,5500742.14,predicted
2018-02-02,8196095.46,predicted
2018-02-03,7331775.37,predicted
2018-02-04,214769.85,predicted
2018-02-05,10489208.46,predicted
2018-02-06,7266357.43,predicted
2018-02-07,8304295.26,predicted
2018-02-08,7746607.17,predicted
2018-02-09,7556269.79,predicted
2018-02-10,6577533.81,predicted
2018-02-11,206200.66,predicted
2018-02-12,7866579.17,predicted
2018-02-13,7709467.28,predicted
2018-02-14,6393794.38,predicted
2018-02-15,7563749.79,predicted
2018-02-16,8101622.12,predicted
2018-02-17,6519692.0,predicted
2018-02-18,209875.33,predicted
2018-02-19,8477690.18,predicted
2018-02-20,7156545.54,predicted
2018-02-21,7011059.96,predicted
2018-02-22,6740168.9,predicted
2018-02-23,6938476.97,predicted
2018-02-24,6222688.85,predicted
2018-02-25,201418.33,predicted
2018-02-26,7694069.95,predicted
2018-02-27,7854002.82,predicted
2018-02-28,7784265.78,predicted
2018-03-01,6883691.91,predicted
2018-03-02,8840553.78,predicted
2018-03-03,7610768.47,predicted
2018-03-04,219997.97,predicted
2018-03-05,10169266.94,predicted
2018-03-06,7289447.47,predicted
2018-03-07,8444679.87,predicted
2018-03-08,7743281.08,predicted
2018-03-09,7421154.73,predicted
2018-03-10,6620373.58,predicted
2018-03-11,220729.05,predicted
2018-03-12,8062338.2,predicted
2018-03-13,7736017.49,predicted
2018-03-14,6377542.4,predicted
2018-03-15,7619100.02,predicted
2018-03-16,8106558.28,predicted
2018-03-17,6530633.93,predicted
2018-03-18,233792.54,predicted
2018-03-19,8799010.39,predicted
2018-03-20,7372759.7,predicted
2018-03-21,7101932.87,predicted
2018-03-22,6743091.81,predicted
2018-03-23,6901805.99,predicted
2018-03-24,6331352.91,predicted
2018-03-25,230955.32,predicted
2018-03-26,8008249.72,predicted
2018-03-27,8163599.28,predicted
2018-03-28,8089729.75,predicted
2018-03-29,7477638.82,predicted
2018-03-30,9793996.45,predicted
2018-03-31,7648315.83,predicted
2018-04-01,224358.26,predicted
2018-04-02,9839511.63,predicted
2018-04-03,8464699.15,predicted
2018-04-04,7622783.51,predicted
2018-04-05,7999958.4,predicted
2018-04-06,7875052.79,predicted
2018-04-07,6726716.36,predicted
2018-04-08,216532.24,predicted
2018-04-09,6059977.82,predicted
2018-04-10,6745725.67,predicted
2018-04-11,6645540.27,predicted
2018-04-12,6416405.46,predicted
2018-04-13,6921341.69,predicted
2018-04-14,6454739.01,predicted
2018-04-15,241183.83,predicted
2018-04-16,10234611.33,predicted
2018-04-17,8847071.52,predicted
2018-04-18,7975937.58,predicted
2018-04-19,7765636.38,predicted
2018-04-20,7681069.95,predicted
2018-04-21,6551525.64,predicted
2018-04-22,234077.19,predicted
2018-04-23,6368613.88,predicted
2018-04-24,6369509.1,predicted
2018-04-25,6185899.07,predicted
2018-04-26,6405569.21,predicted
2018-04-27,7055679.15,predicted
2018-04-28,6885795.94,predicted
2018-04-29,231348.99,predicted
2018-04-30,12025023.86,predicted
2018-05-01,7598376.11,predicted
2018-05-02,9640565.35,predicted
2018-05-03,6604680.7,predicted
2018-05-04,6229191.81,predicted
2018-05-05,7287410.33,predicted
2018-05-06,251750.88,predicted
2018-05-07,6547640.09,predicted
2018-05-08,7230457.38,predicted
2018-05-09,6464426.73,predicted
2018-05-10,5793646.3,predicted
2018-05-11,6858767.77,predicted
2018-05-12,6650668.37,predicted
2018-05-13,256984.86,predicted
2018-05-14,10439599.14,predicted
2018-05-15,9275834.87,predicted
2018-05-16,8228235.7,predicted
2018-05-17,8028040.09,predicted
2018-05-18,7446731.88,predicted
2018-05-19,7321941.76,predicted
2018-05-20,254749.72,predicted
2018-05-21,3962773.43,predicted
2018-05-22,6747870.44,predicted
2018-05-23,6748921.0,predicted
2018-05-24,6811111.36,predicted
2018-05-25,6904484.82,predicted
2018-05-26,6499232.87,predicted
2018-05-27,261255.76,predicted
2018-05-28,9583850.51,predicted
2018-05-29,9020938.86,predicted
2018-05-30,10016024.47,predicted
2018-05-31,9857933.82,predicted
2018-06-01,4102690.4,predicted
2018-06-02,8456377.91,predicted
2018-06-03,261050.92,predicted
2018-06-04,11187958.73,predicted
2018-06-05,8661944.94,predicted
2018-06-06,8291429.54,predicted
2018-06-07,8109600.91,predicted
2018-06-08,8170988.12,predicted
2018-06-09,6816938.56,predicted
2018-06-10,262760.71,predicted
2018-06-11,6102900.47,predicted
2018-06-12,6625328.2,predicted
2018-06-13,7398735.55,predicted
2018-06-14,3992784.96,predicted
2018-06-15,8128971.72,predicted
2018-06-16,6509889.32,predicted
2018-06-17,261524.57,predicted
2018-06-18,10484836.29,predicted
2018-06-19,8469706.14,predicted
2018-06-20,7855228.97,predicted
2018-06-21,7467477.46,predicted
2018-06-22,7645558.07,predicted
2018-06-23,6516753.93,predicted
2018-06-24,257510.52,predicted
2018-06-25,4310153.34,predicted
2018-06-26,7015999.11,predicted
2018-06-27,6865005.03,predicted
2018-06-28,7083886.69,predicted
2018-06-29,7572511.89,predicted
2018-06-30,7655214.48,predicted
2018-07-01,271904.33,predicted
2018-07-02,10831007.42,predicted
2018-07-03,8415244.59,predicted
2018-07-04,7093427.91,predicted
2018-07-05,7500728.51,predicted
2018-07-06,7876034.46,predicted
2018-07-07,6175818.89,predicted
2018-07-08,272487.34,predicted
2018-07-09,5583350.47,predicted
2018-07-10,6590930.87,predicted
2018-07-11,6664977.05,predicted
2018-07-12,6534195.19,predicted
2018-07-13,7058570.65,predicted
2018-07-14,6162572.0,predicted
2018-07-15,277656.55,predicted
2018-07-16,10260345.86,predicted
2018-07-17,9002096.33,predicted
2018-07-18,8264324.8,predicted
2018-07-19,7257449.19,predicted
2018-07-20,8044391.45,predicted
2018-07-21,6229301.2,predicted
2018-07-22,283933.04,predicted
2018-07-23,6738785.54,predicted
2018-07-24,6323787.33,predicted
2018-07-25,6204027.52,predicted
2018-07-26,6265405.84,predicted
2018-07-27,6887911.7,predicted
2018-07-28,6494497.98,predicted
2018-07-29,282574.78,predicted
2018-07-30,11746015.01,predicted
2018-07-31,10071646.48,predicted
2018-08-01,8329451.12,predicted
2018-08-02,7982169.77,predicted
2018-08-03,5850892.63,predicted
2018-08-04,6355197.88,predicted
2018-08-05,271620.1,predicted
2018-08-06,6878345.42,predicted
2018-08-07,6798394.62,predicted
2018-08-08,6740562.57,predicted
2018-08-09,6663652.44,predicted
2018-08-10,6752281.33,predicted
2018-08-11,6137995.17,predicted
2018-08-12,275107.31,predicted
2018-08-13,9633335.16,predicted
2018-08-14,8240323.5,predicted
2018-08-15,7287803.69,predicted
2018-08-16,7230998.86,predicted
2018-08-17,7314629.17,predicted
2018-08-18,6207866.1,predicted
2018-08-19,285497.53,predicted
2018-08-20,7322017.28,predicted
2018-08-21,6619482.07,predicted
2018-08-22,6433370.97,predicted
2018-08-23,6378667.3,predicted
2018-08-24,6399834.12,predicted
2018-08-25,6048657.57,predicted
2018-08-26,283044.34,predicted
2018-08-27,9441483.61,predicted
2018-08-28,8376178.77,predicted
2018-08-29,7817334.13,predicted
2018-08-30,8580679.51,predicted
2018-08-31,8994164.07,predicted
